input_compound_id,descriptor_vector_id,fold_id
0.0,0.0,0.0
1.0,0.0,0.0
2.0,0.0,0.0
3.0,0.0,0.0
4.0,1.0,0.0
5.0,1.0,0.0
21.0,2.0,0.0
7.0,3.0,1.0
8.0,3.0,1.0
9.0,4.0,1.0
10.0,4.0,1.0
11.0,4.0,1.0
12.0,5.0,2.0
13.0,5.0,2.0
14.0,5.0,2.0
15.0,6.0,3.0
16.0,6.0,3.0
17.0,6.0,3.0
18.0,7.0,4.0
19.0,7.0,4.0
20.0,7.0,4.0
22.0,8.0,2.0
23.0,9.0,3.0
24.0,10.0,4.0
25.0,11.0,1.0
